138,92;57,19;117,89;139,95;84,56;138,99;40,28;60,51;75,46;57,11;40,10;87,44;118,82;97,47;91,56;45,27;71,22;51,34;113,67;72,37;71,24;37,24;113,79;77,61;29,25;102,73;80,45;82,78;85,42;99,89;47,26;55,34;129,95;97,93;99,93;86,36;87,73;25,12;72,31;99,82;89,42;112,78;50,25;62,57;132,88;102,99;56,13;104,58;111,98;80,75;132,88;77,60;39,13;76,64;92,78;52,33;83,53;94,50;66,19;120,96;111,95;44,26;44,42;64,21;57,42;74,46;60,49;65,42;50,20;49,39;81,57;68,61;69,26;59,48;31,24;51,12;108,90;113,70;42,19;107,78;120,84;37,33;85,72;77,38;58,40;71,33;122,83;61,14;67,65;44,14;99,49;131,89;115,88;116,77;80,56;104,65;63,31;40,26;95,70;136,92
32,10;84,64;69,28;87,45;98,71;51,33;61,44;93,79;129,99;89,44;53,13;104,70;110,76;71,62;32,30;110,67;129,86;63,18;59,56;81,72;129,100;52,40;101,72;88,82;81,73;74,27;47,45;112,93;30,19;43,33;113,94;63,22;97,74;104,99;62,37;74,62;123,82;90,87;29,27;107,76;115,100;37,29;97,79;27,18;99,82;127,81;70,47;21,16;98,78;88,56;115,91;108,58;47,27;119,78;99,82;87,51;147,99;90,41;125,98;79,29;124,97;89,53;49,19;61,54;28,26;68,18;102,72;44,42;74,63;76,49;38,26;57,41;30,22;87,55;104,75;123,88;121,91;27,14;29,15;29,13;82,76;94,92;102,77;88,52;137,96;73,53;71,44;110,90;26,18;55,29;113,72;62,17;98,64;111,78;111,87;78,54;115,92;41,25;55,31;121,77
78,39;97,90;82,62;31,13;113,98;52,41;83,54;55,19;33,29;91,84;49,46;86,67;114,67;31,10;115,94;90,58;64,39;103,71;124,100;54,34;77,43;107,77;82,62;108,72;112,80;129,91;56,20;102,61;91,75;91,80;17,15;102,54;75,38;43,15;89,51;58,52;96,57;69,33;39,30;44,15;79,68;99,78;88,53;48,17;46,15;88,49;120,79;55,35;59,34;107,61;78,32;58,22;91,47;96,50;139,94;69,30;19,14;97,92;82,53;134,92;80,50;54,50;42,12;58,51;87,69;36,11;76,68;40,33;93,58;80,73;133,99;68,29;30,17;106,76;105,74;49,36;33,23;97,58;102,67;61,15;114,64;72,43;113,83;108,91;94,55;103,100;55,35;32,18;135,93;87,57;31,14;88,42;80,75;73,61;89,52;35,30;100,73;57,54;102,82;45,12
118,85;76,58;35,32;74,35;61,39;19,17;33,28;121,71;63,27;112,99;96,93;98,48;115,66;93,51;57,36;48,24;28,12;71,68;52,11;72,33;113,69;62,24;67,41;78,50;97,80;84,68;46,26;100,77;56,10;43,15;45,38;87,64;94,92;124,82;102,77;57,50;95,61;105,86;105,66;91,67;129,90;98,72;33,21;47,13;39,29;38,11;60,38;54,14;76,49;56,39;37,16;99,77;86,61;87,76;53,14;47,25;77,47;69,26;137,89;40,33;139,92;108,82;82,52;70,66;85,35;43,32;140,91;47,25;49,24;66,31;79,50;89,40;56,50;108,99;67,39;113,99;68,18;117,67;38,30;68,30;74,44;98,67;83,50;143,93;79,36;71,47;124,76;118,80;105,86;31,16;39,25;86,63;68,49;108,63;102,69;131,94;73,34;96,53;120,97;86,55
73,63;85,75;35,14;65,47;20,12;86,66;99,77;52,35;100,87;142,96;100,66;113,63;88,78;108,88;30,18;57,49;112,84;117,80;112,74;86,68;64,24;76,37;76,59;69,48;133,93;66,53;64,31;20,13;133,91;81,45;65,16;103,71;37,25;128,96;109,84;74,28;51,13;52,14;130,88;120,78;94,65;62,54;109,89;54,47;59,12;64,42;67,30;55,25;93,69;137,87;68,54;93,67;106,77;50,36;66,40;108,97;100,87;67,44;64,25;116,71;50,27;91,52;108,85;56,45;132,95;70,23;99,90;74,59;54,14;100,84;87,51;67,40;56,11;60,28;49,18;92,60;117,72;56,35;78,32;81,64;66,18;123,82;95,56;83,81;119,78;105,59;106,62;62,35;109,79;78,42;102,60;55,39;97,56;91,78;70,51;45,22;61,17;46,20;115,88;61,41
99,92;121,74;93,53;29,20;97,53;84,82;50,14;123,80;60,57;111,98;99,71;95,90;89,78;60,24;107,68;79,56;85,66;136,97;121,94;76,31;68,42;118,86;96,52;100,65;70,30;39,32;43,32;72,30;113,70;127,91;44,40;74,49;65,29;101,68;88,69;106,75;88,56;24,11;124,80;125,96;30,27;59,54;58,55;60,30;98,72;45,14;52,20;69,60;43,16;101,69;93,71;85,39;95,58;59,23;30,22;59,36;61,53;122,97;96,71;52,39;118,90;134,97;62,50;128,94;76,38;125,85;100,59;93,78;117,71;55,43;43,25;92,76;43,30;124,83;62,14;132,87;22,17;138,95;122,93;73,67;116,66;128,99;66,28;108,85;129,83;123,88;89,68;128,83;95,52;106,78;86,39;39,14;22,10;78,58;14,12;103,94;57,29;102,100;118,85;18,15
112,76;71,32;127,91;85,61;62,22;101,74;103,57;70,64;24,15;84,74;120,83;114,75;35,32;105,86;65,27;123,74;40,17;72,24;101,56;74,28;117,70;95,77;26,14;117,78;89,53;106,81;118,85;111,96;74,36;46,38;79,40;28,26;71,24;127,99;63,33;121,92;98,88;100,72;90,63;57,10;71,54;102,58;128,90;136,98;136,88;90,85;101,91;89,82;110,96;45,39;42,22;42,20;52,15;57,55;109,85;84,54;114,90;114,66;51,17;102,57;89,51;103,76;110,96;53,47;114,90;40,18;68,22;52,27;77,27;57,12;113,81;111,93;26,20;53,28;78,74;67,39;64,32;60,19;63,24;42,18;58,48;94,85;71,25;137,96;48,37;125,97;89,71;107,57;118,100;93,79;15,12;34,14;124,76;48,16;101,87;77,74;67,58;42,11;69,24;77,69
65,36;108,79;54,28;76,31;95,53;78,72;135,99;106,89;100,60;103,75;104,76;44,22;59,36;44,29;74,42;73,34;92,53;36,23;143,93;85,50;58,47;87,80;92,53;103,59;106,97;126,99;47,34;86,56;91,54;80,72;30,20;48,16;46,25;72,51;75,27;90,69;31,28;70,63;74,70;64,36;86,61;61,55;107,100;87,63;123,92;108,93;82,47;123,82;120,82;68,33;97,77;28,25;97,57;45,29;32,15;71,63;99,97;99,69;78,34;20,12;61,18;62,44;41,19;113,72;86,64;61,52;111,67;105,89;90,62;82,57;111,79;84,51;126,80;81,34;113,94;68,46;82,47;121,74;70,21;33,10;42,20;52,32;82,37;100,54;68,44;33,19;30,20;97,51;44,32;23,20;34,28;93,44;110,89;87,39;106,70;104,55;105,99;39,19;20,13;103,78
51,28;107,70;120,96;107,87;48,19;105,57;84,50;53,45;109,93;132,85;91,61;105,58;51,46;78,46;23,12;78,28;55,45;96,71;43,31;46,21;22,18;41,35;107,94;82,76;83,54;103,57;111,70;34,27;64,58;86,78;48,37;94,44;87,83;76,66;68,41;110,97;59,45;81,60;49,17;56,40;47,11;108,82;62,55;70,40;48,25;115,80;115,67;89,78;63,44;93,70;80,73;69,41;25,14;29,25;75,43;96,90;93,60;127,86;104,87;44,34;98,86;46,16;112,80;68,55;52,43;62,14;71,43;77,40;80,53;73,39;78,65;123,100;43,15;129,82;105,63;97,56;76,72;69,54;45,26;70,27;91,76;127,83;103,84;69,36;114,85;44,38;60,46;70,26;81,76;140,97;80,30;49,41;98,86;93,43;12,10;88,78;99,63;21,11;132,90;93,90
39,18;59,16;121,98;43,41;84,47;70,45;101,84;59,39;22,17;103,69;105,96;68,59;100,86;97,73;90,85;23,17;61,25;118,77;51,28;118,82;38,15;86,68;78,40;33,17;103,70;125,89;80,33;52,16;108,67;42,15;36,22;84,61;69,35;25,14;111,98;95,72;44,29;78,55;84,53;64,22;99,54;54,41;42,12;59,49;59,43;56,37;47,30;72,46;90,78;71,62;93,53;65,57;50,26;89,84;110,80;71,45;93,60;88,64;120,76;84,48;92,74;64,27;29,25;52,11;37,30;84,47;88,51;101,98;127,96;113,90;51,39;100,62;107,63;77,68;87,45;60,10;46,43;78,28;105,97;36,13;89,47;74,52;55,44;60,17;121,83;89,84;64,47;78,28;85,79;98,92;30,18;27,12;85,35;121,100;22,13;93,65;76,70;129,91;99,73;69,59
77,62;65,58;66,31;85,64;106,63;52,34;65,55;47,10;97,78;96,74;60,41;108,99;94,69;85,46;91,60;52,32;87,66;117,73;69,56;113,63;27,13;102,66;75,45;132,99;42,27;32,18;67,31;54,20;65,58;116,93;128,79;116,82;46,20;112,84;149,99;137,92;55,50;63,23;89,76;112,77;86,46;50,32;81,54;59,21;115,89;94,72;55,44;73,27;98,62;68,37;38,27;32,24;107,92;76,31;44,11;89,77;135,100;71,69;132,95;75,72;91,83;69,30;83,51;49,33;82,65;96,79;75,41;109,66;113,84;86,53;38,12;117,86;70,45;103,72;62,33;64,38;56,41;64,48;67,59;91,64;119,85;31,22;108,88;84,65;125,83;80,73;102,54;86,49;56,29;81,44;26,18;79,75;65,30;69,47;49,47;42,18;140,96;75,65;98,63;43,34
113,73;111,93;118,90;81,75;120,91;93,67;120,77;60,41;109,61;94,82;77,57;130,84;111,91;83,74;52,30;118,96;60,24;126,100;81,42;68,59;76,72;53,34;52,37;121,91;115,74;61,32;138,89;104,68;111,80;120,98;112,99;77,55;137,97;36,26;114,83;83,79;59,55;92,55;46,30;125,87;85,70;98,78;126,77;87,53;102,94;58,18;104,97;84,68;79,72;118,86;72,23;84,61;43,29;61,29;47,13;102,60;85,41;58,48;110,90;58,27;102,95;141,92;83,53;64,48;99,97;61,31;52,13;67,57;70,50;126,88;65,46;90,42;83,39;61,48;43,34;113,65;68,55;107,73;92,68;62,21;108,60;118,91;103,77;94,48;113,78;75,69;58,37;76,53;63,44;84,47;51,20;60,12;65,20;73,25;45,12;106,60;43,31;62,42;36,14;116,77
72,33;64,42;19,16;55,50;112,80;121,79;82,52;21,14;90,61;62,36;113,96;88,71;98,62;136,99;140,95;73,54;60,19;58,13;37,29;88,40;41,37;110,89;75,38;106,83;85,42;82,74;74,65;132,100;132,91;132,82;50,23;95,66;87,75;19,10;65,39;35,19;62,13;81,62;113,92;55,46;116,70;54,23;101,54;15,13;102,74;112,84;101,74;61,35;99,72;111,95;33,29;72,29;91,66;120,80;90,80;108,97;51,35;104,91;56,49;89,40;64,42;67,25;61,26;61,16;52,38;73,51;35,31;113,97;48,14;85,60;98,92;59,13;64,29;59,22;43,13;120,97;49,29;22,13;105,61;109,86;58,37;90,63;76,59;104,99;42,36;104,64;90,68;133,98;81,77;116,71;34,24;121,79;86,41;76,41;29,18;92,43;57,52;28,20;41,19;105,82
80,69;122,84;37,19;66,20;101,97;75,25;79,45;39,23;33,16;109,66;46,33;127,100;111,82;67,23;93,59;78,31;55,44;91,69;83,56;129,100;135,98;92,43;68,33;49,34;117,70;101,99;79,72;78,61;31,21;127,93;63,15;90,51;128,98;63,19;45,14;61,23;135,87;100,98;75,66;108,66;42,21;107,83;53,25;104,89;79,70;98,60;63,21;59,41;76,36;51,26;112,76;99,96;61,48;113,88;95,78;87,57;93,71;110,88;80,35;119,76;116,74;100,87;101,90;25,21;128,85;48,19;87,83;53,38;56,24;91,51;45,32;145,97;110,90;77,42;31,22;57,36;109,97;131,89;77,57;54,29;88,53;66,18;97,60;26,18;90,80;106,82;39,20;30,21;69,24;46,41;52,23;110,93;112,97;38,23;103,97;113,65;83,33;100,74;49,37;81,73
90,65;130,95;123,88;108,82;67,36;41,13;33,31;50,35;67,26;111,98;144,97;101,88;85,70;95,74;45,24;99,58;40,24;105,76;34,15;99,88;63,29;125,99;82,50;31,17;139,93;28,26;86,41;65,63;107,74;43,35;100,67;134,84;116,88;69,62;73,32;100,52;47,40;85,71;57,36;75,62;51,46;46,33;128,99;54,41;87,38;98,76;32,11;129,92;96,88;102,99;68,56;105,78;85,53;90,82;94,80;82,60;77,37;39,19;43,31;97,60;37,32;60,16;97,65;69,38;90,68;67,26;75,40;29,25;64,59;101,79;136,93;76,34;78,38;28,18;102,100;81,72;33,20;55,17;129,93;81,45;94,90;132,90;112,71;42,29;83,64;59,39;93,54;85,39;55,23;128,95;83,68;102,61;108,62;57,34;35,30;77,31;67,29;96,93;120,79;68,36
64,36;116,81;40,14;73,67;76,66;115,81;141,95;105,99;143,94;102,57;40,37;116,96;80,30;78,65;101,58;30,17;16,14;99,53;115,83;96,58;140,95;66,64;77,60;107,97;48,38;73,53;76,31;136,95;115,66;31,23;72,56;71,60;103,73;115,70;48,38;29,19;80,73;46,38;78,52;135,93;70,40;70,61;93,46;50,28;37,31;119,78;32,26;81,37;67,57;65,60;114,95;102,71;128,95;66,16;63,49;48,42;93,43;76,56;21,11;100,97;37,15;141,99;128,81;56,36;34,12;72,39;95,54;45,27;35,24;45,11;98,85;77,58;95,90;35,22;113,77;107,76;115,99;66,30;34,27;59,33;129,96;69,43;60,24;59,15;59,46;81,54;91,67;45,10;108,68;53,10;72,47;78,43;73,68;45,40;71,37;75,30;65,24;72,35;92,76;54,29
120,78;40,24;54,51;39,15;87,69;92,81;45,16;34,30;127,79;62,32;122,88;53,36;73,67;34,11;92,81;123,100;35,22;84,78;34,22;44,36;43,22;25,11;120,82;61,15;61,48;86,61;103,68;65,34;45,38;51,33;23,15;99,68;92,62;80,44;46,28;94,71;70,57;121,76;68,57;133,90;91,72;122,100;28,16;94,44;33,23;94,53;62,52;132,99;84,73;79,40;97,83;71,47;139,89;97,68;70,58;60,20;124,77;79,39;67,44;114,81;109,93;88,38;108,61;33,10;58,49;84,40;45,20;72,23;92,53;103,61;63,55;85,47;85,82;83,68;42,11;98,89;112,89;116,91;36,32;129,89;21,10;58,18;31,21;85,72;92,67;88,82;92,58;135,97;91,57;84,71;36,29;82,68;96,55;79,73;65,28;78,65;96,59;127,92;100,95;91,89
109,72;77,38;26,10;101,70;133,85;87,74;148,99;102,73;78,38;108,73;133,92;81,46;134,92;49,42;98,85;42,24;84,70;73,54;122,93;58,47;102,96;23,21;128,89;43,10;64,29;69,30;50,20;69,24;33,20;127,91;104,93;98,67;48,36;18,12;95,88;47,21;106,61;57,39;48,33;99,83;108,83;109,80;99,69;86,57;49,12;66,37;52,31;102,74;43,31;70,39;86,79;85,54;81,36;86,42;46,39;77,64;103,81;101,67;118,91;83,81;112,77;64,51;70,28;63,17;85,54;44,20;127,87;72,25;75,63;76,34;96,88;112,66;88,85;108,70;68,62;130,86;96,75;137,89;73,68;83,58;119,96;90,60;59,48;70,20;68,48;103,56;54,49;29,20;92,61;68,25;85,48;84,51;93,91;115,86;81,53;79,32;37,28;105,84;27,20;132,84
84,56;21,11;63,61;143,93;66,25;95,89;34,22;42,22;81,43;46,21;83,69;108,67;43,36;78,64;55,32;94,82;130,91;90,70;71,40;65,48;54,34;63,34;28,17;110,67;96,53;97,51;40,26;65,30;95,76;31,20;123,90;142,93;137,92;62,48;77,41;100,94;81,76;67,28;67,27;76,51;38,26;145,99;90,79;12,10;55,29;91,68;60,29;48,15;119,76;102,96;86,56;93,51;35,32;43,31;91,71;64,36;90,80;54,46;73,70;67,65;43,20;123,78;50,46;44,12;85,53;126,98;77,66;51,47;43,34;100,92;60,57;111,99;82,69;46,11;78,43;93,43;28,15;113,99;52,21;57,43;70,25;58,26;117,97;90,70;86,84;105,96;79,58;102,84;101,54;66,17;108,67;99,57;82,79;121,95;86,73;20,16;123,85;85,70;107,85;120,82
48,44;72,42;59,36;140,94;50,44;63,40;83,58;59,10;117,97;124,85;96,52;105,74;126,80;30,12;89,67;92,68;122,79;92,58;85,35;76,66;41,25;46,25;29,19;16,11;130,93;49,29;86,64;35,28;74,45;68,39;72,62;99,66;36,23;125,99;76,27;60,34;96,76;40,32;52,28;29,17;87,74;119,71;85,46;44,34;50,18;72,46;82,39;67,65;69,42;75,54;102,81;120,72;76,26;122,95;70,45;48,17;83,56;127,99;66,30;72,36;99,65;43,26;107,90;81,46;144,97;93,61;40,30;103,87;118,80;128,98;79,46;98,86;57,10;69,47;63,33;26,22;119,98;125,83;74,35;127,89;76,35;74,62;74,71;68,55;63,46;93,82;32,21;43,37;84,69;137,95;105,63;53,43;84,62;66,63;97,61;123,73;102,90;70,40;131,90;95,82
77,60;94,82;40,21;107,98;121,71;32,29;29,18;35,16;85,70;30,24;146,96;127,90;100,84;102,62;73,49;75,32;92,73;114,87;27,16;82,56;70,32;72,61;42,34;69,55;117,78;34,32;122,81;43,31;44,13;123,93;61,26;17,14;116,82;79,36;108,91;90,82;86,38;26,16;68,63;65,35;97,48;64,30;59,32;51,45;99,51;55,40;89,68;112,73;137,89;61,54;110,62;82,56;69,31;74,68;55,40;82,40;37,13;114,96;88,65;30,23;62,47;42,35;54,14;59,17;49,24;100,90;64,50;110,82;50,23;63,17;125,95;44,31;78,61;94,86;79,74;97,84;68,32;87,80;108,87;104,83;113,65;120,93;50,33;49,38;125,76;96,54;145,99;66,31;92,55;96,91;35,32;75,57;142,100;66,44;69,39;66,50;40,15;98,61;74,70;80,38
120,80;125,85;47,41;75,72;77,75;106,89;92,61;106,82;76,30;83,41;93,81;133,99;92,80;116,85;116,89;45,34;95,45;37,20;58,18;53,19;37,32;30,27;104,70;72,62;99,51;86,65;114,94;64,62;121,99;116,100;30,27;66,54;88,59;65,54;59,10;36,14;86,79;76,31;50,47;76,54;95,92;43,36;84,34;36,21;97,50;96,73;107,98;51,46;118,98;59,41;75,54;75,46;99,83;102,87;55,30;55,34;47,11;71,60;111,64;85,74;53,45;135,89;104,80;75,69;100,78;106,92;118,98;87,70;34,21;75,64;78,49;38,17;80,65;96,92;64,55;22,12;32,28;82,48;56,42;56,38;91,70;125,95;94,73;93,65;113,74;71,43;53,32;61,26;107,70;81,32;46,36;49,30;59,42;53,15;142,93;100,83;59,25;64,46;144,95;38,36
99,70;103,86;107,62;66,54;100,80;132,82;49,42;92,90;83,54;129,97;33,12;126,82;100,89;117,69;131,89;74,61;22,19;58,15;112,83;113,82;65,32;119,79;127,95;58,41;71,30;79,42;74,47;68,64;89,65;45,37;136,99;72,28;90,88;81,42;149,100;47,12;105,95;34,11;66,48;63,53;89,49;40,18;53,24;43,37;86,57;75,49;52,16;33,26;31,16;64,44;113,89;57,54;58,26;114,88;85,68;28,12;75,42;82,56;65,45;79,52;57,11;31,10;104,74;49,27;117,92;83,67;63,60;59,26;128,83;135,94;107,61;42,21;120,70;71,67;96,67;53,23;61,26;102,92;87,57;62,50;116,87;93,82;129,81;40,22;32,27;38,30;45,28;78,35;105,79;62,18;55,26;99,67;90,63;74,49;114,84;35,21;81,59;55,17;67,53;38,18
97,57;46,33;83,63;81,31;51,15;74,48;59,25;102,100;41,16;86,83;113,95;91,52;64,38;36,33;50,36;77,37;76,31;42,36;36,15;24,12;99,85;111,91;100,88;56,42;93,51;37,30;99,64;116,87;102,72;91,78;99,58;131,81;72,64;28,25;46,27;85,42;39,31;65,27;111,76;74,65;105,90;117,78;34,21;112,100;97,91;113,80;110,81;114,80;130,84;57,29;24,22;77,28;130,100;39,14;98,57;60,17;24,18;65,53;69,67;35,28;32,28;64,59;105,75;86,59;113,87;118,75;77,55;129,96;128,91;106,83;74,70;140,100;138,93;46,23;84,58;80,69;118,92;106,92;25,19;79,40;86,45;64,58;92,60;120,99;57,54;61,13;46,34;28,17;60,19;48,38;44,24;144,97;115,78;98,89;60,56;71,46;124,87;113,98;72,47;52,13
97,51;57,28;121,87;65,39;96,57;41,32;78,34;118,86;77,40;121,79;105,71;93,46;118,95;64,61;107,62;49,40;90,48;109,77;131,82;66,36;37,10;19,15;145,98;33,12;98,53;63,55;98,85;66,31;46,21;79,51;118,89;74,55;86,56;90,41;48,37;49,29;67,42;95,79;53,43;61,48;74,24;103,62;78,46;102,96;43,28;44,10;70,43;77,60;46,40;87,44;62,21;37,21;52,14;54,10;107,88;59,49;123,94;107,64;39,11;32,13;55,21;91,53;32,23;85,61;73,56;111,74;53,20;69,38;126,91;51,25;73,39;72,43;121,83;98,78;91,73;77,66;92,49;74,55;86,37;32,14;112,100;94,68;88,79;107,89;88,50;112,64;116,85;58,27;119,74;51,13;85,39;67,46;144,95;136,93;136,97;49,32;109,92;80,33;22,11;72,57
132,84;79,39;87,45;105,64;46,21;123,78;122,94;68,45;39,25;109,89;112,63;66,42;65,63;105,76;98,61;94,51;92,77;36,10;61,19;96,94;62,50;143,100;62,18;76,72;58,50;93,77;84,41;67,58;133,87;115,99;38,27;119,98;94,46;66,32;40,25;55,40;50,12;79,62;67,37;139,98;60,10;143,96;104,100;70,34;85,40;126,86;47,35;101,68;53,43;51,43;100,86;31,23;98,66;66,25;72,25;90,87;58,12;94,56;96,89;57,50;61,29;55,39;44,34;52,41;90,67;27,25;101,64;133,93;102,67;137,93;122,100;92,60;70,23;92,67;18,11;39,31;83,59;125,91;103,74;25,14;37,23;121,82;43,21;110,77;81,62;122,76;30,10;41,26;105,94;47,25;34,17;49,42;70,60;103,66;58,17;67,26;64,53;38,24;69,51;141,95
124,76;52,37;129,89;58,56;28,21;67,62;56,35;79,37;53,18;106,71;82,51;39,28;43,16;40,37;103,93;65,28;63,50;60,16;46,43;39,36;39,37;45,42;104,99;106,56;61,17;55,47;68,40;139,96;41,17;121,71;71,25;73,30;138,98;81,57;59,14;15,12;117,88;34,19;62,12;86,56;58,45;54,31;47,38;94,91;83,65;68,45;54,12;134,99;35,18;80,58;85,54;23,17;125,94;125,81;141,99;119,86;61,46;91,88;114,86;26,19;48,38;101,84;41,37;88,58;97,90;49,21;98,65;123,75;74,63;79,33;123,99;36,21;120,78;85,72;101,77;85,67;59,52;98,62;117,85;109,78;108,78;97,70;83,34;44,16;47,17;79,65;77,65;99,50;122,74;85,59;93,55;48,35;58,28;50,39;87,60;84,76;25,22;50,33;66,44;63,50
89,42;84,79;48,13;41,36;63,32;88,76;68,49;55,10;102,94;84,43;131,94;60,57;55,28;133,97;98,70;17,14;75,58;51,33;95,58;51,30;81,37;71,44;32,12;87,41;63,27;54,23;86,38;57,11;77,31;83,72;62,29;25,18;101,75;46,38;101,53;67,29;52,34;34,20;72,24;102,85;45,41;42,32;123,84;130,96;129,84;69,58;111,97;115,80;103,60;62,57;70,46;88,47;32,18;90,59;45,24;128,81;61,57;74,41;56,35;69,45;70,56;81,74;80,76;96,77;116,79;100,56;101,79;94,85;59,12;77,73;85,40;83,34;70,55;118,81;56,54;60,51;92,90;58,15;77,68;25,17;72,31;37,24;58,18;55,50;72,58;98,90;49,28;101,92;78,42;38,15;64,51;54,50;117,70;80,59;107,91;95,91;115,83;119,92;69,29;72,65
49,17;58,30;62,21;24,20;59,27;27,14;24,19;98,70;120,99;74,36;55,15;89,56;86,84;39,25;136,93;131,97;83,53;106,94;90,84;44,42;136,91;110,83;124,75;22,13;45,21;110,94;86,54;99,55;107,89;140,97;59,32;98,61;82,36;85,55;37,21;82,37;95,86;46,28;108,78;112,87;53,23;97,68;122,82;104,58;137,99;51,31;89,64;45,21;92,89;56,26;59,16;106,65;84,79;22,16;108,67;148,99;118,90;104,64;63,59;49,21;117,83;45,41;30,23;89,53;68,35;62,28;123,75;117,88;64,29;75,26;94,66;56,46;126,97;69,43;114,75;92,66;96,86;53,20;42,28;58,26;128,86;116,86;124,82;79,30;91,46;82,67;28,23;105,74;34,12;100,82;46,23;91,51;53,23;83,77;126,78;128,86;59,54;110,78;50,23;46,16
65,45;47,33;114,93;67,27;105,91;52,29;69,21;93,46;31,20;110,97;53,25;74,46;21,19;51,29;46,43;26,19;90,86;31,19;53,46;63,30;108,90;133,91;71,45;49,18;49,36;71,50;38,10;18,13;143,99;66,26;92,60;89,73;114,84;89,77;102,71;81,73;67,63;90,77;55,15;82,69;53,15;60,10;91,58;126,80;122,90;77,51;88,47;98,48;42,21;22,13;48,38;25,21;77,55;57,14;105,89;34,18;126,81;85,63;103,76;73,65;103,91;60,31;72,45;46,21;59,10;61,54;66,16;68,45;96,69;72,37;45,21;62,14;41,17;16,11;107,63;28,11;92,89;55,44;88,55;77,43;53,32;52,10;72,69;65,15;117,85;72,48;85,41;47,15;120,72;116,85;139,89;101,95;20,18;103,64;51,46;58,35;121,100;26,22;103,72;100,96
80,56;120,76;88,71;74,58;146,100;108,80;102,70;37,33;81,59;32,14;58,49;62,44;36,18;50,15;80,38;114,95;130,84;60,20;104,74;46,11;34,31;95,55;95,88;49,34;115,85;90,74;61,58;89,82;49,13;114,90;81,42;92,42;40,33;44,33;94,91;107,87;80,69;75,29;47,36;22,19;85,45;96,60;58,54;95,76;87,46;34,15;66,29;42,19;28,16;50,12;115,84;92,71;68,48;89,79;129,98;75,48;65,33;56,35;70,56;114,88;116,82;123,86;73,57;34,16;63,18;123,76;76,61;80,61;96,53;111,90;123,80;85,83;102,88;56,43;48,34;85,52;129,94;91,70;46,13;100,66;87,47;78,66;43,41;64,23;88,72;108,88;106,93;107,71;139,94;100,95;89,51;95,86;101,91;78,48;67,47;42,14;146,99;122,100;93,67;85,40
56,32;67,18;85,45;136,91;107,70;48,12;88,47;82,76;98,63;67,56;64,62;53,46;111,74;148,98;97,87;27,19;85,59;82,40;57,37;103,93;88,56;137,88;53,21;112,68;128,80;62,31;75,43;85,35;124,80;69,20;72,23;136,92;121,100;77,29;95,69;94,50;84,34;76,34;65,16;92,90;80,32;94,44;106,79;40,34;64,56;67,41;74,64;134,95;84,70;39,16;58,16;25,16;102,84;119,92;130,86;63,40;73,56;96,72;127,97;115,99;124,93;121,75;43,24;64,36;66,46;104,76;114,89;106,99;61,22;93,80;112,89;90,68;110,100;125,85;82,51;76,48;44,39;31,16;58,45;62,54;87,37;52,50;30,11;89,69;95,92;79,37;98,74;56,40;103,87;98,69;38,24;51,34;85,46;65,22;66,35;124,79;89,50;66,58;94,83;105,82
112,85;124,86;104,67;56,48;97,54;120,99;70,51;68,44;79,60;84,80;81,32;98,84;72,42;24,10;35,28;93,49;45,33;29,25;62,20;35,30;49,35;91,60;110,79;61,24;98,68;142,95;50,29;54,23;22,13;107,84;53,36;101,51;58,56;53,30;104,83;81,46;37,32;123,100;77,54;134,93;80,71;103,64;39,27;69,32;39,18;51,15;71,37;37,20;122,76;47,11;67,44;43,29;99,60;49,30;64,59;100,78;36,25;85,37;73,36;69,26;35,27;87,41;118,95;124,90;49,45;76,28;61,17;73,62;84,82;118,71;120,74;49,24;139,98;60,30;74,63;72,30;41,32;98,87;69,66;58,50;69,46;98,60;51,31;22,20;49,19;93,60;34,10;105,71;74,41;128,84;130,92;103,90;107,81;86,56;98,68;73,28;129,80;41,20;87,53;33,30
136,98;122,97;57,16;102,75;118,81;55,17;102,63;72,34;128,78;76,28;87,56;63,43;86,40;98,76;55,35;87,51;89,78;31,18;83,59;48,26;55,32;100,94;37,20;72,41;95,58;39,34;90,75;61,50;69,58;80,75;54,51;66,32;35,26;88,65;83,40;75,30;37,31;95,64;22,20;91,45;20,17;43,34;84,52;42,13;59,54;75,46;56,19;66,39;40,24;56,26;88,38;61,33;104,76;100,70;126,99;37,17;70,36;61,14;119,70;55,40;28,11;52,34;73,60;146,100;58,56;121,82;83,79;64,59;99,72;113,95;108,86;132,93;78,60;43,15;100,85;124,96;80,38;61,24;123,82;61,26;67,56;79,38;126,83;47,43;68,32;76,40;71,55;67,46;61,47;41,34;111,68;50,34;38,12;52,10;116,79;88,76;98,95;79,59;66,17;107,84
32,22;78,51;72,31;60,50;52,10;108,83;133,84;81,57;52,27;56,15;73,26;87,78;87,65;16,10;56,29;62,36;118,99;87,80;78,52;131,100;78,46;60,39;116,93;94,78;36,10;95,56;121,91;93,81;75,37;140,94;118,78;97,50;50,23;116,95;87,66;90,72;107,93;132,85;90,50;61,20;120,98;129,84;51,16;48,42;123,98;55,16;93,72;39,13;140,94;74,67;121,72;106,78;76,56;67,65;68,24;96,63;83,58;83,63;101,64;65,25;75,47;119,90;118,95;23,20;21,17;53,10;67,32;110,96;97,94;53,36;62,52;99,84;119,90;72,27;69,58;98,68;103,81;123,84;72,51;78,63;92,88;116,91;93,57;100,50;105,100;65,22;105,82;62,13;107,58;98,78;117,80;127,82;108,93;94,89;51,22;26,18;65,30;99,72;74,47;103,81
95,57;84,80;41,15;63,27;46,11;97,93;96,66;51,38;111,63;62,57;58,42;71,29;21,13;82,63;90,46;105,71;64,16;141,93;31,15;52,39;78,71;56,16;84,62;112,67;109,89;90,42;100,84;69,60;72,44;74,67;57,41;100,89;125,96;65,21;22,16;111,70;114,89;117,67;74,37;90,66;109,63;101,63;97,76;118,86;64,34;43,16;74,43;81,65;140,93;45,38;99,80;56,39;129,92;119,73;59,45;88,61;102,52;121,97;53,35;112,91;36,33;85,40;85,54;103,58;56,33;137,99;24,11;130,89;72,49;62,37;25,15;145,98;33,10;119,92;105,75;49,10;141,95;93,81;91,88;61,48;101,79;69,41;97,90;124,89;51,43;55,38;43,30;50,21;114,82;51,19;58,47;73,33;26,13;84,43;119,97;67,65;54,43;95,71;73,24;124,77
123,80;24,13;124,83;82,59;81,75;76,27;91,89;102,68;57,39;84,60;114,82;93,74;38,35;122,99;121,87;70,49;71,69;95,46;78,40;97,92;86,48;82,46;21,17;37,20;60,35;95,47;94,82;53,30;53,19;73,50;64,59;82,79;118,95;97,86;92,72;74,57;69,49;75,64;47,23;96,55;79,60;89,72;42,28;71,65;116,74;79,50;83,58;80,66;89,59;114,94;117,82;77,57;137,97;118,93;56,47;45,21;73,55;64,55;129,92;63,27;128,78;82,50;54,11;124,95;38,21;126,97;129,92;55,40;112,81;64,60;46,33;55,41;92,72;27,14;66,22;120,82;72,51;63,42;68,54;125,82;126,77;60,21;77,48;44,18;81,36;66,64;28,20;130,91;148,98;135,98;55,42;65,25;74,27;100,51;63,46;138,90;86,63;59,44;57,14;65,47
102,97;71,60;56,10;44,42;106,63;79,72;64,29;115,71;92,54;91,84;130,87;54,13;124,76;51,20;103,78;73,58;111,83;42,38;84,57;37,33;92,83;65,50;60,57;101,94;116,96;67,48;75,61;59,31;112,73;119,91;92,68;84,78;56,35;83,51;53,38;111,92;133,86;94,75;54,15;102,60;139,99;76,46;53,30;70,48;109,80;75,43;139,94;63,51;89,42;84,64;109,83;80,43;78,50;58,27;126,93;106,72;129,93;40,12;89,56;95,68;98,96;52,35;85,37;59,35;103,85;65,55;136,98;119,89;27,22;113,72;140,100;70,58;118,68;71,30;72,26;112,65;86,52;30,28;73,30;99,65;84,58;52,35;104,61;114,72;59,45;77,40;50,40;85,53;109,64;83,38;110,62;59,19;59,46;67,46;121,97;57,34;77,75;46,26;73,35;110,62
54,13;68,41;101,56;78,64;76,43;95,79;83,33;41,24;58,36;82,40;73,23;115,92;102,98;111,72;85,46;97,51;100,77;82,64;107,88;79,57;48,14;63,50;144,95;108,100;113,89;106,70;80,50;90,44;81,45;105,75;62,44;22,10;68,61;108,97;61,44;120,86;68,41;135,93;80,52;23,19;91,84;133,96;102,57;60,33;120,99;67,54;117,78;83,53;29,18;122,94;86,56;47,17;30,14;111,76;84,55;58,50;63,28;102,79;122,92;103,84;35,27;131,86;96,82;131,86;117,94;69,21;101,59;101,90;91,83;44,36;96,50;101,83;55,38;111,97;123,81;77,73;98,71;67,18;42,12;32,21;65,36;111,99;59,14;95,65;40,15;124,78;99,84;126,77;45,38;124,95;41,33;39,32;73,41;46,25;95,88;115,93;25,21;71,62;50,41;37,29
84,79;54,36;69,58;85,38;43,37;102,86;100,69;84,51;78,74;137,98;58,20;119,97;56,15;132,96;44,41;78,34;119,97;84,52;104,74;136,99;16,12;108,87;76,69;50,32;104,99;31,29;77,69;68,58;79,76;105,71;111,94;61,42;59,17;119,97;63,27;114,99;109,95;116,91;80,39;59,22;62,59;55,10;86,73;60,55;35,27;98,72;61,37;79,64;54,51;87,42;76,72;82,52;124,78;90,46;78,72;134,99;41,15;79,65;110,73;84,79;66,52;85,63;54,17;82,76;124,94;79,43;59,47;87,84;72,44;133,86;74,40;90,53;60,45;125,76;70,44;108,60;98,58;110,81;70,56;60,40;69,27;47,13;103,75;112,97;109,70;81,40;111,65;96,62;54,18;42,33;120,82;59,55;55,21;66,58;74,45;73,69;112,78;72,44;101,76;98,77
110,92;49,32;103,67;69,58;102,73;77,38;90,66;99,67;47,33;17,14;88,68;89,57;78,35;85,70;99,71;62,22;72,29;130,96;65,48;56,31;36,29;113,91;107,65;66,58;121,82;82,36;84,44;111,64;63,26;48,46;84,62;33,11;65,55;49,47;17,13;97,68;121,80;75,34;81,69;90,48;109,99;63,52;38,19;63,28;47,19;109,76;115,75;95,69;105,91;104,76;41,36;76,43;28,18;93,66;36,12;108,80;54,40;94,60;59,54;84,38;76,58;88,50;98,62;23,14;83,40;86,63;140,94;133,88;61,25;80,41;76,73;84,45;67,59;17,15;57,52;132,82;92,64;116,85;30,20;52,31;121,87;77,70;54,42;87,45;58,27;97,92;19,13;103,56;73,48;108,81;60,57;94,90;123,100;99,53;117,81;59,23;39,20;65,63;139,93;93,63
85,83;83,34;129,95;34,24;128,87;121,75;91,42;55,37;74,40;18,13;64,60;60,37;136,87;29,12;128,82;69,49;89,59;104,54;111,99;64,52;76,29;44,13;90,44;63,53;107,58;21,12;110,64;112,64;130,85;95,78;72,32;130,85;55,53;128,87;67,60;80,52;30,18;24,21;62,48;125,80;107,74;53,30;118,76;78,42;88,51;115,80;93,53;21,16;83,56;22,10;97,47;104,65;29,24;52,25;109,94;114,76;126,94;96,58;118,80;59,46;50,26;24,19;72,43;37,28;95,88;66,20;101,89;123,98;47,14;69,28;63,33;31,28;100,53;50,12;95,83;89,70;33,27;87,84;114,75;112,65;122,85;59,50;97,67;60,38;123,76;82,69;116,67;89,43;87,80;136,96;90,47;30,23;135,97;112,77;93,62;116,87;60,32;54,35;119,91;89,61
87,45;54,40;26,15;73,30;100,60;99,61;89,43;82,34;99,94;101,62;97,77;94,54;75,41;52,37;140,96;112,80;116,91;47,38;54,34;20,14;94,86;67,49;65,23;150,100;113,74;35,23;115,79;68,38;118,91;39,24;77,47;94,79;110,67;90,86;59,28;63,37;27,17;128,85;77,66;135,90;143,98;48,43;99,87;59,11;88,52;36,25;52,36;109,80;70,64;130,100;114,72;33,11;35,29;70,63;107,86;35,23;83,72;65,21;104,97;106,89;105,92;66,54;72,61;117,73;43,14;64,59;92,61;48,18;104,99;112,64;79,39;67,29;45,13;58,23;47,16;104,65;100,69;107,78;142,95;59,44;82,38;84,75;19,16;105,86;97,70;81,52;77,43;94,64;76,65;71,64;54,41;68,31;138,91;126,84;68,28;116,84;102,74;84,62;90,58;51,12
34,24;123,91;95,47;102,66;83,77;87,61;52,30;105,83;122,94;52,14;113,70;97,87;109,80;36,27;110,70;86,40;132,91;145,97;66,47;57,35;72,38;101,95;113,74;65,55;74,38;80,60;95,71;117,77;45,15;95,63;61,32;102,76;92,77;80,67;99,87;62,53;138,94;92,89;83,40;133,87;37,20;44,29;49,45;97,48;59,52;90,79;37,19;63,50;92,79;47,25;41,24;58,42;82,32;83,37;69,27;76,47;39,23;37,35;26,24;72,62;129,90;144,95;55,47;61,11;112,68;89,43;20,11;77,53;96,59;23,13;71,57;70,30;110,70;52,46;129,81;19,13;133,92;38,31;120,96;98,71;97,66;80,44;138,96;19,17;115,84;62,46;80,78;64,27;122,74;86,47;39,24;124,77;18,11;72,60;97,84;33,22;65,51;69,33;64,60;112,70
89,60;86,52;61,17;59,16;82,72;42,25;108,87;39,18;87,43;117,68;123,93;93,89;44,13;49,28;104,59;30,28;105,66;35,12;58,20;88,42;31,10;123,81;99,90;129,97;78,31;43,22;84,75;80,73;105,80;62,25;41,34;104,64;97,67;57,25;109,74;92,75;17,13;72,23;85,61;55,43;73,54;66,60;27,19;84,59;85,39;129,80;79,71;22,16;115,100;92,84;65,42;18,10;103,68;95,56;58,14;100,64;131,97;87,40;36,25;83,57;62,26;89,72;97,71;110,78;43,26;102,60;53,37;97,75;63,55;55,39;86,72;86,70;39,33;100,54;89,52;87,57;95,91;41,18;97,76;75,48;106,65;96,68;95,75;26,12;37,25;76,41;131,88;59,34;48,27;89,77;86,42;129,91;71,31;80,47;84,65;57,52;129,99;61,37;106,68;94,56
50,19;45,15;97,50;102,95;78,29;99,91;68,38;47,12;113,82;133,89;120,89;105,71;45,40;98,77;43,25;85,53;110,90;64,40;51,46;70,36;83,44;120,83;100,87;46,34;135,85;27,13;44,15;15,12;54,13;116,91;58,23;80,70;70,55;84,59;114,88;102,72;67,64;98,57;103,57;46,36;73,58;118,84;51,29;91,62;97,81;59,31;62,49;91,77;82,54;20,10;85,37;46,25;57,43;71,59;92,71;60,47;127,77;74,44;109,69;140,99;32,11;116,97;28,19;78,60;84,62;67,20;68,49;67,44;120,79;137,89;53,40;78,30;70,56;119,82;67,23;44,27;149,99;78,28;69,49;59,51;58,55;31,17;48,14;98,93;84,60;123,85;89,69;78,76;52,31;142,93;116,91;60,23;35,32;117,77;103,90;73,52;52,43;92,55;86,63;65,46
129,91;112,94;55,51;75,64;31,24;104,71;117,96;76,27;50,29;50,20;62,44;20,18;113,76;127,86;118,75;92,77;29,10;96,54;99,57;57,45;41,28;58,10;97,94;87,68;127,98;31,26;112,93;121,76;15,11;97,57;79,74;124,94;65,21;89,43;98,72;93,55;15,10;58,29;125,89;74,33;77,29;98,80;83,36;126,97;72,70;17,12;72,41;64,34;63,60;82,73;139,99;93,74;71,36;33,19;145,98;59,27;92,45;74,54;30,15;66,62;78,58;94,71;117,78;79,57;65,25;44,22;92,63;108,76;82,42;61,30;48,44;53,18;122,97;71,68;116,67;46,39;68,47;104,83;102,59;72,69;106,75;66,51;47,29;111,80;114,64;64,17;132,100;106,95;75,42;108,61;75,44;97,93;60,16;35,22;54,30;78,56;108,61;70,48;121,76;83,59
131,81;89,70;87,40;127,95;88,65;68,64;53,27;95,48;103,89;119,84;85,39;44,18;70,66;129,98;88,44;69,38;105,84;90,47;85,58;98,79;79,54;104,99;49,20;71,35;121,97;95,89;117,70;91,66;110,92;102,55;84,38;27,14;74,45;125,89;89,46;81,68;55,26;104,78;109,83;60,52;60,21;89,67;136,90;71,32;17,12;67,34;94,78;71,52;46,42;76,68;72,61;50,32;115,72;39,29;74,66;76,50;102,65;115,75;140,94;94,90;114,92;39,36;43,14;136,98;99,72;60,24;92,70;113,79;68,63;54,13;104,87;74,59;72,60;139,96;88,48;22,12;91,61;67,61;99,70;69,65;117,76;130,81;92,42;125,94;108,75;40,22;91,50;71,65;66,22;87,70;110,62;100,52;65,26;139,95;67,23;75,45;135,92;52,50;107,92;130,81
80,75;35,19;37,10;58,19;94,91;104,69;90,85;42,33;27,19;63,58;95,65;134,100;69,60;98,77;85,58;69,24;87,50;122,87;66,36;133,94;48,37;98,64;123,99;89,82;39,36;101,81;101,52;70,25;91,51;70,65;67,45;97,48;85,66;115,89;57,46;77,34;63,61;85,48;61,39;97,84;29,22;32,18;98,61;87,65;63,41;72,26;90,62;88,78;88,51;97,89;19,11;104,78;89,65;110,75;114,99;102,75;106,75;109,75;34,32;131,90;57,23;116,93;68,33;89,73;115,90;106,79;94,74;95,53;58,34;50,48;64,38;109,98;41,21;113,92;36,28;105,60;20,13;137,87;48,39;49,28;59,19;91,73;23,15;48,38;93,59;46,25;92,52;72,53;45,11;56,23;50,41;71,41;47,42;54,35;47,39;100,53;56,12;94,85;48,21;135,100
68,32;73,35;31,21;53,34;64,24;97,62;20,16;104,66;34,31;100,97;45,15;106,64;55,32;71,61;65,34;107,60;69,57;65,49;87,85;95,55;131,89;120,96;98,94;57,41;125,84;63,45;96,89;117,92;34,20;95,53;28,16;36,18;72,51;94,48;98,83;77,51;78,63;132,83;80,60;60,34;107,67;87,49;46,30;121,83;149,100;119,93;55,39;121,86;45,20;106,86;100,79;129,81;93,89;62,52;112,93;97,62;136,99;43,30;90,57;61,22;71,39;123,79;80,68;104,64;31,13;83,51;52,38;107,77;44,10;118,82;86,58;93,68;142,97;61,37;94,54;80,63;102,71;89,67;117,75;122,87;116,87;72,22;26,21;32,21;39,17;115,67;113,89;58,37;89,76;43,38;96,85;60,29;40,11;50,10;55,33;54,16;89,41;65,15;42,17;124,81
81,74;102,58;47,23;99,77;51,27;114,98;87,67;79,58;90,66;62,20;71,56;58,34;90,71;126,79;110,96;68,63;37,32;35,18;31,26;85,36;74,56;88,83;67,22;121,93;45,33;104,61;38,31;93,60;79,72;95,52;38,27;136,89;46,42;99,49;71,62;93,55;89,62;69,47;110,85;51,14;119,97;69,50;62,12;88,72;83,54;91,58;91,82;45,37;106,61;60,34;88,68;80,47;47,33;40,19;30,24;68,42;142,96;55,37;91,44;99,89;78,39;99,75;72,47;61,50;140,95;62,36;73,70;118,98;78,58;32,26;97,47;51,45;66,39;137,93;91,87;31,23;86,82;93,52;68,54;84,79;63,29;101,64;43,41;102,98;128,85;67,23;76,35;73,26;129,100;140,91;19,16;59,28;53,18;55,15;50,25;84,64;90,52;96,49;105,95;43,35
128,85;49,20;132,82;25,12;88,86;61,42;33,11;86,74;69,24;55,41;81,71;61,24;76,36;41,15;107,91;42,38;83,59;76,53;103,92;63,15;84,75;110,65;46,16;111,63;51,30;87,55;42,23;60,27;106,63;82,65;29,16;48,28;25,20;93,76;79,43;106,78;78,44;126,100;65,33;133,87;106,73;96,61;112,63;70,53;91,63;73,69;87,80;47,14;97,74;119,91;39,23;46,41;90,64;44,23;27,20;74,57;98,95;134,86;65,49;38,36;112,62;129,89;132,98;104,84;60,36;114,96;64,59;70,23;89,84;69,25;90,53;43,40;54,44;69,22;29,17;79,48;102,97;85,64;48,46;130,82;77,38;60,37;70,30;93,62;128,94;64,61;51,12;64,47;34,32;65,29;71,61;58,25;98,57;73,67;88,42;101,81;63,42;87,56;89,75;55,46
61,45;66,62;121,74;73,37;77,38;54,45;38,17;97,53;54,25;68,28;102,74;61,43;107,57;112,64;58,52;91,82;106,78;59,39;39,30;27,19;133,87;116,73;95,66;36,28;51,34;104,83;120,77;70,31;108,79;92,63;90,81;83,70;48,41;45,26;73,27;98,73;91,42;37,25;90,78;134,96;61,42;87,63;25,20;104,95;95,87;59,35;87,56;93,79;79,57;26,11;116,100;107,95;45,36;101,56;118,69;81,32;149,100;72,35;129,86;67,24;75,41;121,93;110,98;101,90;108,82;52,44;100,83;78,75;60,11;123,76;92,53;111,88;121,99;74,25;105,97;83,56;54,42;55,40;114,72;108,100;81,74;61,50;108,72;78,28;40,26;64,24;116,71;67,20;103,78;96,53;118,82;49,27;36,10;97,69;58,40;134,96;18,10;126,77;93,78;61,26
84,43;107,95;26,14;102,81;145,99;32,12;86,75;76,28;66,62;140,92;57,51;92,79;116,80;66,20;108,60;121,79;109,67;67,39;134,95;82,54;114,82;100,89;45,29;122,77;119,80;72,22;138,92;103,89;67,39;104,73;94,59;122,100;64,41;45,12;16,10;55,46;71,66;88,55;125,95;30,28;76,53;80,58;69,47;18,14;144,98;115,83;54,45;99,88;79,73;78,29;106,100;40,34;49,15;103,66;40,27;79,38;81,40;20,13;98,49;86,71;60,10;48,19;54,51;75,39;47,13;38,12;142,93;37,31;49,32;67,61;66,34;40,18;103,92;140,96;94,45;95,93;43,35;49,44;100,79;77,52;42,10;135,85;77,43;113,91;107,57;103,67;124,94;118,99;54,12;87,41;99,76;83,46;50,15;124,76;71,33;46,28;114,88;35,26;63,36;61,49
55,48;84,53;48,25;33,24;87,53;52,16;102,91;69,67;53,16;111,83;37,35;53,43;76,55;108,81;47,39;37,17;80,56;102,55;76,58;80,49;96,86;61,22;69,55;84,68;64,29;82,37;131,97;97,82;85,38;98,75;135,89;76,61;91,41;91,68;59,39;37,16;111,78;63,17;27,25;53,10;86,78;81,52;104,60;83,79;86,48;120,73;59,34;39,33;65,39;114,70;117,78;90,63;54,22;57,42;103,62;56,34;37,33;77,30;73,26;70,34;47,14;75,54;77,30;54,19;55,49;69,44;38,35;53,35;114,83;57,37;110,63;83,54;142,92;112,68;118,89;64,35;68,52;69,47;101,74;127,85;90,51;126,92;67,41;104,77;88,47;74,38;112,66;125,85;61,18;67,27;84,62;92,52;79,49;46,39;125,98;133,88;48,21;55,41;60,22;99,82
79,30;67,23;100,89;94,76;57,32;105,79;81,60;88,77;25,23;82,59;88,74;52,44;18,12;95,75;35,11;56,53;115,94;102,86;50,24;102,52;112,90;134,88;40,19;36,27;46,27;82,36;109,60;133,100;97,66;40,23;68,24;87,52;109,86;112,69;93,53;74,63;123,95;78,61;88,67;80,53;67,53;114,91;46,13;52,28;43,26;82,52;77,60;88,65;104,86;148,99;116,98;120,87;87,64;71,21;106,79;102,67;73,61;56,51;117,100;22,12;51,26;58,18;55,48;107,75;60,23;69,24;129,87;35,28;89,65;45,33;65,20;123,81;65,63;54,51;84,53;97,94;106,98;148,99;101,92;78,32;114,99;48,41;43,27;59,34;77,51;125,78;60,26;120,86;91,43;63,57;92,43;72,35;72,68;116,93;80,59;94,80;57,40;90,41;66,32;67,38
49,34;66,22;114,84;58,42;48,35;93,57;33,21;89,45;67,44;138,97;44,42;111,66;81,40;62,29;109,63;75,53;75,39;77,51;117,98;50,19;80,38;101,87;102,95;113,97;42,29;107,96;26,14;110,89;92,85;65,39;113,94;104,89;25,10;53,25;120,75;46,30;39,16;107,69;135,92;99,93;98,75;62,35;42,13;78,40;52,48;129,89;33,15;109,81;41,32;30,13;117,100;68,26;109,95;90,70;59,13;44,23;116,68;122,73;72,25;41,21;50,36;82,58;122,94;116,100;23,13;85,39;66,54;88,71;120,94;53,13;39,20;79,37;44,29;17,11;106,66;38,24;87,39;123,86;121,80;85,66;100,69;81,48;28,13;66,40;54,12;75,56;61,23;92,53;108,99;116,94;112,84;61,56;121,96;66,62;89,44;43,20;87,39;73,41;90,83;98,92
57,53;144,97;94,47;125,81;76,41;51,42;106,57;88,81;63,24;60,56;20,15;60,13;92,76;89,71;105,96;118,87;93,55;71,57;88,68;90,78;112,81;98,55;55,44;118,96;42,14;90,72;105,81;124,92;26,16;72,22;36,17;100,67;74,61;64,16;79,67;119,80;106,75;66,37;115,76;125,83;76,38;102,52;73,47;52,44;114,75;83,72;71,34;118,97;115,68;104,66;44,14;97,89;103,86;17,13;54,11;86,57;101,94;71,27;77,58;35,10;79,71;37,14;94,63;93,43;83,68;60,17;116,98;31,13;118,75;108,61;79,55;52,32;29,16;116,96;28,10;92,51;56,30;115,84;28,19;107,66;64,42;41,11;127,86;76,40;94,74;118,90;112,99;57,31;41,23;96,87;112,76;35,12;65,45;127,96;65,28;94,85;23,14;23,17;86,54;54,13
142,97;44,17;97,93;106,61;60,44;143,99;121,99;44,10;34,32;50,46;95,83;74,28;28,17;65,24;60,44;127,89;48,37;96,76;103,68;121,78;53,34;69,59;73,24;84,62;64,57;99,89;80,46;97,54;110,71;73,55;102,73;89,62;115,93;62,46;34,26;94,79;100,52;65,36;42,12;74,29;78,50;58,52;59,41;71,56;61,26;50,32;96,61;68,52;64,21;52,31;101,65;76,42;70,54;124,90;89,73;43,15;84,43;33,25;56,16;110,92;90,88;121,75;136,99;63,19;75,31;93,64;58,56;40,18;77,44;34,19;76,34;121,83;123,89;97,58;51,31;132,82;111,63;46,37;51,36;65,51;118,93;142,96;44,27;13,11;54,28;79,30;105,89;40,36;104,63;60,35;82,32;102,73;97,63;100,63;110,63;109,99;121,72;22,20;49,23;84,66
43,22;67,47;92,76;86,37;61,44;97,79;62,46;128,98;61,22;91,79;71,57;54,14;88,80;47,10;46,25;54,18;79,74;101,95;125,88;59,31;88,44;13,11;73,66;20,15;99,95;105,71;45,15;92,57;42,30;73,71;95,60;60,35;100,51;58,36;55,13;123,77;62,20;83,80;80,40;74,71;116,85;67,55;49,32;81,37;48,22;100,87;134,95;66,59;120,94;117,91;120,95;109,97;130,99;121,98;100,77;95,79;43,25;83,67;65,35;68,52;62,55;53,35;47,29;46,11;90,85;86,72;66,22;15,11;100,60;59,12;93,84;86,67;114,68;71,63;127,81;132,93;71,23;98,92;99,65;30,18;19,10;66,46;67,65;81,51;112,62;70,68;17,14;135,98;29,21;98,65;64,44;57,43;124,93;93,53;61,43;29,23;122,94;73,37;27,22;54,36
70,40;39,27;125,92;93,83;57,52;32,21;53,39;110,95;86,69;118,85;116,71;100,59;85,43;122,93;111,83;46,34;143,99;47,23;67,34;106,68;137,93;113,83;81,48;111,98;86,77;109,72;66,37;59,40;29,14;143,94;20,14;27,25;106,70;47,19;95,89;94,86;36,19;49,29;102,63;131,81;55,25;102,93;58,36;113,76;103,71;75,44;100,51;133,95;24,14;36,30;72,44;113,91;95,91;126,81;120,89;92,45;64,30;46,19;79,39;94,50;75,71;99,93;68,59;125,85;65,54;109,73;48,37;60,20;42,35;48,34;49,16;93,44;47,23;76,46;135,92;53,15;92,86;141,91;92,48;59,24;135,97;142,96;102,67;33,13;89,60;68,33;105,60;56,19;93,74;114,78;142,94;58,43;106,81;101,76;75,62;95,73;78,41;50,44;102,91;37,16
64,44;59,26;52,48;124,87;119,87;56,28;75,71;61,38;54,22;112,85;80,54;101,71;53,19;35,29;57,54;38,16;144,99;106,82;91,68;55,37;93,90;124,79;105,69;101,86;83,44;100,68;59,29;54,10;40,21;96,62;39,28;114,70;103,90;91,79;71,36;108,65;52,24;137,92;30,12;124,81;68,63;69,51;82,39;122,73;107,88;66,31;96,55;91,49;101,96;60,18;122,87;61,26;67,32;133,100;52,10;99,88;53,44;98,61;45,43;98,76;102,75;96,89;94,51;105,81;60,55;124,84;38,25;100,95;40,33;37,35;75,54;69,66;97,51;58,24;100,67;39,13;69,50;58,23;121,83;99,91;116,84;64,31;66,37;144,100;121,89;51,10;25,10;118,84;87,46;62,51;80,50;138,97;94,63;91,82;104,68;48,35;125,100;49,29;123,88;59,14
97,83;58,18;115,72;103,97;94,64;63,59;103,72;116,71;121,98;116,93;44,42;102,85;132,89;53,51;63,60;74,25;39,35;63,53;91,65;62,22;75,69;67,29;118,92;61,45;27,18;38,10;100,50;94,57;89,41;45,10;93,83;116,88;37,12;52,30;92,43;21,12;34,31;102,60;111,75;98,64;133,86;94,87;80,66;75,27;75,41;72,52;121,97;30,11;69,32;90,83;76,27;132,85;83,70;60,23;59,55;127,82;97,58;134,84;13,11;92,74;125,82;71,35;113,71;117,94;105,58;45,22;69,24;83,77;69,57;90,82;50,30;41,22;96,85;69,54;122,97;49,44;86,60;56,19;99,96;128,78;82,42;48,44;94,49;101,57;36,27;102,77;67,55;91,41;99,85;77,41;33,29;90,76;130,97;69,64;31,14;98,61;114,84;62,19;88,86;137,98
97,47;81,44;28,17;47,22;99,67;94,44;89,67;56,29;86,55;78,49;62,44;128,94;103,65;146,98;121,80;106,83;105,82;118,86;89,69;82,76;80,57;53,19;29,15;124,100;50,30;134,94;84,56;93,87;91,45;102,58;59,21;130,94;108,74;123,82;73,40;45,31;94,83;83,80;46,31;68,48;112,81;65,31;80,45;93,65;120,71;82,57;56,16;125,75;132,100;70,39;128,83;64,42;138,90;42,16;57,53;88,78;55,48;123,78;66,32;108,79;63,17;103,75;74,56;40,21;96,75;68,47;60,10;99,75;77,53;50,27;37,34;60,46;84,57;43,35;57,18;37,35;67,19;86,57;74,65;95,73;43,34;15,12;55,14;55,41;87,58;60,16;73,52;118,71;107,83;52,41;76,27;82,33;124,82;70,55;97,64;129,92;84,54;47,39;83,70;53,15
146,99;122,75;29,24;18,10;69,31;46,28;105,89;101,95;118,94;113,88;88,84;116,89;98,56;118,72;103,73;89,60;101,98;21,10;70,47;104,100;61,23;99,76;66,32;106,56;69,41;49,46;83,79;67,20;104,57;120,99;75,55;98,91;132,100;111,80;58,17;91,68;36,22;121,87;86,66;88,76;51,39;112,75;77,27;58,41;60,31;119,93;106,67;73,45;98,91;57,29;22,20;112,83;86,83;103,84;76,27;125,98;90,88;95,63;70,21;47,41;87,49;105,71;55,34;138,89;107,84;104,76;91,57;87,42;65,43;51,40;94,92;50,16;68,64;26,10;97,80;103,70;86,82;80,52;130,100;57,47;18,11;127,93;133,88;80,51;117,67;85,44;69,35;64,53;80,37;62,26;59,11;106,89;80,43;49,15;118,88;101,78;54,27;97,63;95,57;130,89
70,28;68,31;81,41;104,76;90,45;94,49;42,16;95,58;96,49;110,93;33,13;62,16;126,76;88,62;53,30;101,68;40,37;97,74;35,14;72,44;115,77;110,63;94,70;63,46;120,84;60,18;97,62;77,57;62,40;105,59;123,85;80,62;40,33;130,96;77,39;143,94;79,38;98,51;71,29;70,33;47,42;45,15;44,19;79,47;135,88;106,63;87,77;73,46;18,14;102,53;113,88;36,11;95,93;111,78;134,92;65,41;142,96;83,44;37,26;89,70;43,41;88,39;41,11;66,33;71,33;92,65;113,76;122,91;101,71;136,98;120,85;28,12;110,92;19,10;110,82;63,21;104,57;87,46;65,41;51,43;74,61;66,39;110,63;61,22;36,13;56,11;105,64;72,31;42,14;111,63;47,18;60,24;78,40;45,39;90,82;73,53;73,69;53,32;70,64;100,71
115,92;26,22;61,38;89,45;52,28;47,41;90,86;118,96;76,31;123,79;85,65;104,59;56,13;71,37;109,61;105,84;68,63;115,87;25,11;116,83;34,14;127,81;77,44;87,74;115,92;46,28;107,82;76,62;41,30;139,94;71,23;118,86;77,36;121,85;58,20;64,20;49,43;95,68;39,29;119,95;147,100;114,83;66,16;70,28;135,87;44,17;95,89;63,56;107,82;20,15;112,97;49,32;78,32;84,69;50,11;70,25;120,93;52,45;124,96;90,88;81,38;91,61;58,14;106,58;74,47;86,57;108,95;54,36;132,86;47,30;98,75;76,52;141,97;68,28;86,50;140,90;48,27;88,58;76,57;69,33;73,31;135,92;93,76;111,95;84,39;17,11;68,23;96,71;111,94;46,27;30,22;113,75;22,20;74,24;64,55;96,78;47,44;22,18;91,67;126,87
104,86;54,22;66,53;20,10;55,36;83,62;77,57;39,34;78,56;102,54;145,96;106,68;58,32;121,76;95,79;21,16;74,33;142,97;82,58;116,97;81,33;48,39;122,95;65,53;87,42;114,80;105,93;119,97;48,21;64,38;69,19;103,70;49,26;43,35;60,25;115,75;108,96;85,81;90,67;97,57;74,47;30,15;101,92;103,71;141,91;85,55;141,97;102,97;122,80;28,13;105,70;72,59;97,82;110,72;112,79;29,26;45,36;23,18;137,87;88,83;91,41;55,41;62,14;80,67;102,75;110,95;91,48;75,63;144,99;125,84;62,33;142,93;93,84;46,39;88,42;33,11;57,11;70,28;135,86;88,52;61,18;62,21;46,15;132,92;28,24;98,81;65,37;49,23;53,36;46,44;76,27;70,58;99,94;92,51;82,61;57,19;92,56;125,78;90,57;77,28
85,66;101,95;40,27;34,20;115,79;36,26;104,67;38,36;81,71;106,73;95,54;66,38;41,17;81,58;127,84;44,26;64,17;40,16;105,58;51,30;90,61;103,65;99,87;79,39;99,63;64,28;115,67;129,97;101,69;103,87;62,23;103,54;80,77;77,72;53,40;62,23;62,55;44,34;104,86;54,14;69,45;56,18;45,41;89,39;57,21;32,14;132,82;93,73;108,72;60,45;96,90;56,19;122,89;125,93;125,77;94,76;94,83;83,76;47,14;86,40;77,47;60,14;83,56;138,93;115,74;60,46;28,11;73,62;72,68;36,28;35,14;54,18;128,95;70,28;66,16;109,78;97,93;107,89;66,21;89,83;60,35;47,12;116,90;123,80;73,34;93,55;46,18;119,80;24,11;92,64;45,18;127,77;120,77;90,67;127,100;124,91;133,85;68,23;94,73;90,85
22,17;63,38;87,45;51,23;51,10;46,40;63,45;67,36;30,12;117,68;81,74;123,89;124,90;36,27;62,34;138,100;130,100;91,48;102,78;90,85;92,71;38,11;70,50;76,48;59,16;119,91;60,19;92,87;80,53;114,82;76,59;78,35;53,18;75,55;61,51;102,81;107,70;108,82;42,35;71,25;122,89;49,38;48,10;25,23;119,83;73,47;44,38;98,52;74,62;95,49;132,90;87,78;85,64;70,32;87,42;82,48;80,70;50,45;30,17;60,41;109,69;131,84;92,67;136,97;103,86;63,47;38,28;132,87;53,37;99,89;56,37;61,16;123,82;117,84;32,25;90,42;28,19;88,43;70,68;42,20;119,93;77,44;49,35;74,56;70,57;89,48;110,87;109,97;59,21;40,21;61,58;79,36;52,32;105,59;87,63;105,60;46,43;65,28;88,79;93,47
56,32;91,43;81,51;81,32;73,51;102,71;61,34;89,47;87,70;25,13;134,91;70,27;77,43;53,27;67,24;133,95;142,94;126,85;140,92;58,54;71,27;92,55;101,61;98,69;106,84;29,25;124,78;48,23;97,65;91,78;85,44;90,42;70,26;105,89;77,50;27,12;62,57;79,35;102,65;140,92;55,28;108,77;70,65;83,34;92,84;81,62;112,91;59,18;41,36;82,77;119,92;65,60;80,52;46,19;77,42;103,72;66,33;109,73;62,38;102,70;74,25;88,55;115,95;129,92;59,22;73,60;81,63;61,15;86,58;56,37;145,95;38,12;29,10;54,31;138,89;97,66;52,39;61,35;81,37;37,18;21,10;58,17;83,78;57,30;30,17;81,78;76,74;86,83;65,18;86,66;95,58;72,64;113,96;77,38;35,32;75,36;53,13;92,49;60,35;66,32
66,42;101,54;96,70;46,35;86,62;80,75;73,24;64,23;119,83;42,40;111,73;85,66;67,31;60,51;65,46;79,65;49,20;102,58;53,27;135,87;53,50;59,38;71,44;56,10;94,69;86,47;119,81;122,85;122,87;86,71;106,100;67,63;106,60;98,52;72,57;91,72;65,17;39,24;76,67;65,30;34,18;40,31;121,88;46,17;100,58;56,22;89,66;123,84;59,12;99,56;114,82;49,19;53,44;96,93;77,65;100,91;115,97;110,78;58,43;100,74;32,26;41,29;45,41;104,99;129,92;33,19;101,89;124,78;71,32;78,34;137,100;52,22;79,52;109,97;64,39;98,93;84,36;108,91;96,78;31,26;123,97;85,59;49,35;85,71;82,60;46,44;53,35;91,71;108,63;72,25;75,54;73,64;108,83;129,100;51,43;95,45;77,68;62,40;80,30;73,50
29,11;29,19;128,80;138,88;118,81;108,95;98,87;88,61;93,43;117,98;139,97;62,23;93,65;76,48;102,78;129,95;32,13;130,90;109,60;29,25;101,62;36,10;91,47;33,10;48,23;126,95;45,38;88,53;82,41;63,48;47,20;22,13;90,46;76,60;36,34;125,89;84,47;80,33;78,67;109,81;103,84;20,16;130,100;43,31;60,13;55,12;38,11;114,91;71,63;80,59;88,79;37,35;68,53;57,27;64,44;27,15;55,36;76,55;40,34;94,67;55,45;43,14;116,92;72,63;145,99;99,57;108,76;24,20;141,93;82,54;130,88;25,16;100,88;20,13;51,38;33,12;61,55;47,36;74,65;35,17;33,27;65,57;73,63;115,74;102,57;73,45;109,93;67,22;84,67;101,56;84,48;92,84;100,82;117,93;111,62;54,25;91,82;82,34;43,39;76,53
35,26;55,23;76,39;45,12;75,53;139,98;50,46;67,48;28,24;49,37;71,59;95,57;106,86;57,33;68,40;131,92;42,29;41,21;75,40;62,38;46,35;43,16;18,14;103,92;144,96;38,22;54,50;79,61;67,42;50,48;58,36;122,82;74,60;106,66;48,34;43,36;77,45;87,47;47,12;133,85;98,73;117,68;72,47;18,10;39,29;24,14;96,94;81,64;109,97;112,97;118,94;49,42;34,27;105,58;83,34;70,43;73,57;82,73;133,83;73,35;70,38;116,73;129,80;97,92;97,73;108,59;114,73;30,20;92,87;81,35;69,65;111,72;75,69;39,31;54,34;33,15;135,86;52,11;90,68;117,94;60,44;72,22;126,97;40,23;36,17;63,20;102,70;144,100;79,43;87,42;81,77;93,83;103,78;53,44;142,94;142,92;102,97;131,97;71,53;116,92
99,84;112,93;84,53;32,27;118,82;66,45;65,33;43,15;44,31;87,45;65,61;32,28;96,55;111,75;134,85;22,18;107,63;62,50;88,73;116,98;48,44;39,31;79,43;105,98;93,88;103,77;72,22;52,37;35,13;38,29;70,54;114,73;133,92;81,39;123,97;75,71;92,86;42,24;131,83;145,99;101,71;89,71;90,86;54,30;114,79;61,58;91,41;115,93;146,97;62,13;105,74;57,50;50,29;123,94;89,39;117,88;133,84;118,100;72,36;111,76;63,33;119,91;54,16;36,12;51,30;33,23;107,80;110,70;69,27;106,81;21,19;47,18;51,43;36,25;131,92;59,38;133,94;97,95;33,28;42,30;17,12;126,96;103,59;91,60;129,83;88,48;74,62;60,10;68,45;100,81;41,33;105,67;93,54;108,81;78,57;94,73;77,60;65,57;74,51;74,65
82,43;71,46;80,37;102,55;40,25;109,87;113,99;84,70;112,63;127,81;79,50;80,64;112,77;106,60;53,18;110,62;40,15;127,100;93,89;43,38;60,45;85,66;53,49;133,88;41,22;116,68;54,24;30,19;68,21;68,63;96,88;101,87;61,39;92,89;105,93;54,48;141,96;137,87;65,56;103,99;104,60;120,84;74,51;85,82;31,25;108,98;45,39;26,23;42,32;26,12;101,82;117,69;116,71;90,74;102,100;84,47;120,92;82,50;64,41;47,20;119,82;124,76;65,54;74,43;61,54;65,17;83,66;108,66;50,47;87,69;44,11;66,59;93,53;65,52;66,46;142,94;66,33;105,93;25,21;97,70;89,50;58,16;98,69;110,95;59,11;53,16;80,32;66,22;110,81;80,76;91,81;110,98;59,54;141,98;59,41;71,46;101,98;97,87;28,24;51,36
53,21;111,80;38,30;118,99;100,67;45,39;76,53;67,50;108,78;64,39;27,18;121,71;137,90;115,95;99,63;92,62;126,100;72,30;79,38;70,39;76,67;60,58;48,44;59,25;40,10;64,21;106,73;84,64;64,30;117,79;71,48;113,74;124,88;105,67;120,76;78,74;58,44;110,68;123,99;60,52;94,53;115,71;91,45;146,96;110,100;68,65;40,31;49,11;79,49;112,88;85,81;104,74;138,99;95,55;46,41;78,59;65,59;103,81;105,72;109,76;30,12;67,35;61,32;124,96;63,58;84,49;133,97;100,69;61,18;93,54;99,73;63,13;77,50;77,43;109,59;55,45;17,12;51,48;80,61;101,58;118,79;101,64;124,74;88,86;65,63;58,10;103,97;84,74;115,88;64,20;59,42;68,25;88,42;135,85;50,23;68,28;123,93;89,47;33,30;53,27
39,24;24,19;90,42;105,98;62,43;83,40;142,100;106,67;104,57;113,83;52,16;70,50;32,10;60,56;92,70;88,41;98,71;124,93;112,95;43,30;140,97;37,33;87,70;99,76;78,70;99,59;47,13;67,64;125,95;69,41;66,31;51,11;69,40;59,21;69,64;117,79;64,54;48,19;96,54;130,94;103,96;101,52;78,31;32,29;51,41;74,43;62,49;79,71;57,18;111,67;72,23;124,86;99,63;80,44;69,42;117,83;69,59;84,53;99,56;89,59;106,85;17,12;125,90;93,66;32,17;53,33;100,84;38,14;68,30;47,15;135,92;65,16;45,38;90,84;105,84;44,34;39,34;46,19;57,25;53,38;61,24;88,70;137,87;105,98;47,38;99,50;28,17;39,32;68,32;102,83;18,12;96,91;107,59;112,67;135,92;94,59;118,72;96,66;64,18;114,83
82,80;42,31;54,35;105,57;97,76;48,37;67,40;83,69;107,71;120,70;53,31;123,81;101,68;73,34;89,41;79,48;52,27;29,20;56,27;53,19;97,68;41,23;59,55;89,64;118,72;87,37;55,32;76,35;117,68;100,65;41,25;78,72;61,52;92,47;97,65;121,78;44,19;60,46;132,89;67,43;107,86;62,52;59,41;69,62;90,53;115,97;103,99;113,63;109,66;86,36;99,72;107,69;64,58;136,99;114,67;105,60;97,65;43,24;113,96;114,95;37,18;77,69;97,76;61,20;58,47;71,25;56,14;98,53;95,52;34,25;123,83;95,79;56,41;125,97;43,31;74,38;108,63;108,99;54,45;65,33;121,73;67,54;107,87;104,55;90,48;70,64;113,100;101,85;96,88;44,29;99,52;33,27;73,71;109,97;73,52;43,13;60,31;70,54;67,55;113,100
126,77;99,71;103,75;59,57;63,45;79,77;96,85;87,81;85,49;44,34;133,83;84,77;110,65;58,28;118,94;73,25;38,16;131,94;66,40;75,29;34,23;105,94;94,92;76,30;117,72;47,14;90,73;22,16;93,59;49,42;88,41;108,76;135,97;66,45;50,36;76,65;87,60;106,63;88,49;57,44;58,55;60,29;123,82;108,71;46,23;139,100;79,77;97,55;107,60;31,25;96,54;89,51;89,55;115,71;78,51;77,68;25,16;89,39;103,76;131,99;62,28;119,97;95,89;115,84;123,94;67,51;145,96;72,30;100,59;57,44;104,59;27,21;64,52;81,69;111,66;109,69;54,27;117,96;55,32;108,71;83,42;72,43;80,66;72,41;28,17;71,41;56,39;106,84;62,19;43,24;107,73;48,23;33,11;67,22;56,51;70,67;130,94;80,37;37,26;104,92
121,98;60,13;51,17;56,18;48,10;62,59;129,95;74,27;91,64;69,47;54,12;40,32;65,38;77,47;56,27;33,26;105,93;31,24;95,92;121,100;45,32;103,87;106,59;53,48;133,92;117,74;121,96;45,15;109,86;53,22;56,14;49,44;122,74;110,60;106,98;106,57;130,88;86,62;134,100;47,22;24,11;22,11;64,44;87,47;83,75;99,49;25,14;126,76;76,58;109,97;35,11;84,37;86,49;101,89;22,15;136,93;19,12;75,67;73,27;104,83;102,81;76,71;114,85;73,26;101,88;38,14;115,83;106,96;51,47;70,33;26,11;85,59;72,36;117,67;134,100;135,98;131,87;125,82;88,84;53,31;43,37;83,78;58,30;46,42;114,73;62,19;121,98;125,95;75,64;141,93;66,63;103,97;73,38;101,74;83,38;48,46;36,30;74,39;38,12;88,71
104,66;76,51;98,71;52,18;72,32;71,22;118,68;136,94;100,89;103,54;51,17;83,70;61,13;107,71;131,83;104,78;117,85;100,97;103,71;119,90;121,92;48,26;47,43;84,68;55,22;90,64;104,59;53,15;41,15;32,10;98,71;69,52;28,23;100,80;86,69;55,39;121,87;58,37;31,28;18,14;79,70;27,23;97,72;102,98;39,21;113,81;117,93;60,54;100,70;75,53;45,19;55,16;113,92;83,79;96,91;29,13;106,67;120,96;111,98;86,69;66,17;81,54;46,35;36,32;52,47;85,51;35,21;54,52;89,53;94,75;80,66;35,20;63,57;48,24;97,79;86,80;52,50;58,12;59,47;38,33;94,63;102,94;44,30;128,93;98,82;79,33;102,62;77,33;31,29;65,44;67,47;89,47;75,64;60,25;131,91;56,11;52,22;62,44;76,57;77,32
93,70;72,54;130,92;101,90;68,51;134,92;81,50;73,38;57,35;43,38;111,80;117,93;124,85;33,21;46,24;35,30;94,84;47,15;113,74;68,26;85,62;107,91;132,86;132,99;73,24;120,92;99,72;76,30;131,84;89,50;142,94;119,99;111,98;71,52;65,63;25,11;86,39;73,43;117,91;109,89;40,31;74,61;109,63;74,66;90,76;80,60;76,39;128,100;74,26;31,23;50,36;78,56;36,33;50,42;69,47;92,81;89,63;95,78;111,76;52,24;71,48;93,75;130,87;77,66;85,42;83,44;102,57;107,86;120,96;47,19;23,11;97,64;103,84;60,43;63,37;70,65;54,11;79,69;103,83;83,53;111,67;72,45;81,40;112,73;102,65;45,31;47,34;89,46;91,43;127,85;27,16;130,100;83,58;105,59;73,56;38,18;92,89;57,53;39,37;82,70
100,54;104,73;73,65;131,96;103,98;78,47;82,53;92,62;114,88;113,94;68,35;37,30;65,41;114,79;69,37;67,57;48,13;75,73;67,63;44,34;126,84;50,24;44,41;115,97;103,84;77,41;75,42;112,91;88,63;85,47;114,98;129,87;125,76;93,49;80,43;69,51;94,44;78,69;144,94;51,19;31,17;43,11;77,65;49,39;95,78;78,33;34,32;127,93;118,85;95,89;111,68;101,98;81,57;140,93;123,85;147,97;18,14;101,95;52,15;98,50;40,25;59,22;132,100;117,98;69,63;109,66;45,41;128,85;96,83;26,17;67,41;32,23;106,64;109,68;94,58;51,16;138,99;55,37;57,12;142,99;49,37;94,48;87,44;63,19;57,25;28,10;97,84;94,55;95,48;107,70;78,47;83,48;66,20;103,60;104,63;86,41;128,93;41,20;61,28;110,69
97,47;85,66;56,25;56,45;84,54;82,76;57,13;40,34;94,49;80,74;104,86;127,79;72,33;44,19;37,25;83,50;85,73;139,94;71,64;85,62;114,100;65,26;60,13;54,38;107,57;75,27;76,72;111,72;104,68;143,96;76,55;62,45;102,67;96,69;103,83;84,54;109,75;53,11;96,74;111,84;94,57;66,25;124,96;111,77;134,84;113,99;84,70;42,36;133,88;116,74;75,41;75,69;99,51;17,10;75,62;104,61;94,84;132,91;96,79;62,58;107,93;116,71;58,53;48,15;84,54;87,65;65,61;56,18;88,57;104,80;118,93;126,81;75,70;59,35;73,54;126,81;95,93;79,62;91,48;90,77;94,63;84,41;45,27;63,25;44,20;90,46;71,34;94,59;47,13;73,59;67,29;99,57;52,44;24,21;107,92;118,92;95,45;94,68;91,88;103,90
75,30;38,12;59,52;32,29;107,63;84,54;91,49;57,11;78,39;95,77;86,40;58,35;116,93;86,52;31,22;97,51;81,31;78,36;64,54;39,23;115,86;40,15;98,90;111,91;110,60;49,30;98,81;131,89;118,79;74,68;40,31;63,49;104,79;64,41;49,46;139,94;73,38;25,20;110,68;144,99;98,84;75,34;110,91;81,54;27,15;35,23;89,48;89,59;129,91;79,66;103,61;100,76;108,74;64,33;22,12;91,76;62,14;23,13;79,38;53,27;118,87;105,86;40,20;116,67;60,51;67,17;125,99;101,71;41,31;99,67;65,26;116,73;63,58;128,78;89,87;94,45;37,16;39,23;106,82;93,43;96,67;48,14;65,33;71,54;101,69;53,41;73,70;42,31;63,43;35,30;65,21;29,19;79,50;67,60;102,66;107,71;108,97;95,68;53,12;128,92
132,96;129,100;116,97;25,10;94,76;110,61;83,73;96,66;75,29;50,35;130,93;110,73;78,42;48,28;93,50;98,54;45,42;58,56;104,84;38,16;81,72;111,91;45,25;114,78;59,57;101,62;109,85;66,20;123,74;99,72;93,85;105,75;82,32;50,17;88,39;91,82;90,62;88,61;80,45;96,75;83,57;84,58;117,78;70,57;61,22;119,81;73,61;44,39;40,38;52,14;85,41;45,30;53,22;90,69;80,73;17,12;48,33;59,24;86,81;116,68;54,16;59,16;26,19;84,66;140,99;23,13;60,56;40,31;85,67;50,42;84,50;90,76;60,20;94,90;124,77;140,100;61,21;102,66;105,68;32,30;103,92;75,59;56,19;43,32;99,87;68,32;105,78;108,63;132,87;114,95;28,26;130,100;70,26;62,21;77,50;24,12;39,28;110,96;100,95;41,31
52,25;52,35;63,40;81,61;104,94;64,49;45,24;134,85;45,10;99,59;85,41;32,29;103,78;117,93;141,93;83,62;108,73;60,44;81,78;27,22;97,95;44,41;58,22;42,37;83,33;128,100;95,84;46,35;117,91;72,46;113,100;67,54;41,10;98,91;57,46;21,12;113,80;100,65;94,75;109,67;130,95;46,25;23,10;71,39;103,85;111,91;44,36;53,18;98,85;102,68;71,65;82,40;76,66;62,53;74,50;105,55;121,93;28,21;80,75;40,10;90,42;108,97;127,88;64,57;128,84;100,73;87,47;54,10;101,98;90,60;32,26;76,44;42,38;59,29;104,76;116,79;97,74;82,38;65,59;71,50;106,63;52,45;103,80;68,29;94,88;89,41;12,10;79,77;72,47;78,58;127,78;120,84;39,27;69,29;62,24;36,18;109,99;115,94;110,88;28,18
83,52;104,94;141,96;40,37;79,62;65,34;75,56;92,72;59,10;80,78;82,48;111,79;81,69;116,68;91,43;53,32;103,78;78,70;120,88;57,36;99,90;77,28;92,67;92,68;27,10;87,60;105,69;52,16;83,61;60,46;58,25;103,96;112,85;113,84;109,79;84,75;96,87;47,30;76,47;83,74;68,50;52,49;125,79;108,100;130,100;95,50;27,13;94,72;43,26;69,23;52,44;63,26;59,44;87,37;16,14;91,45;134,88;61,26;106,56;35,22;40,23;74,34;39,23;85,68;82,67;118,88;69,49;125,85;100,67;116,81;47,39;90,79;68,25;148,100;77,36;64,44;61,36;68,29;55,26;65,41;69,48;123,100;120,87;64,33;35,23;85,78;88,82;51,32;83,67;128,85;130,96;116,95;116,86;137,87;40,28;19,10;130,100;82,53;95,48;123,93
81,45;110,81;122,77;92,79;96,66;58,17;82,63;36,24;31,16;97,59;103,67;71,51;90,67;87,58;117,82;76,67;102,56;115,92;83,70;97,63;76,64;117,94;121,84;78,75;47,43;56,34;70,26;114,95;80,52;96,73;100,97;66,30;67,40;141,93;89,44;90,51;62,42;138,95;74,69;54,32;126,92;113,64;88,47;19,16;48,26;126,93;86,72;118,82;111,87;64,27;69,46;78,45;128,83;33,20;81,61;84,69;80,51;120,77;136,97;134,94;48,25;88,51;101,62;48,14;74,60;77,33;25,16;128,91;31,24;67,56;126,96;80,44;141,100;80,50;48,21;76,34;91,47;119,77;71,61;14,10;75,66;46,33;99,72;106,77;85,40;34,23;122,100;128,88;60,32;69,20;130,89;43,32;63,35;66,50;84,43;43,24;114,91;106,87;110,78;40,10
123,77;112,84;118,87;44,16;73,23;81,37;75,66;139,93;106,97;108,89;26,19;75,67;51,20;100,77;43,29;122,83;108,99;91,58;135,86;31,19;48,19;53,21;90,78;85,75;77,35;109,75;108,95;123,88;121,99;25,13;127,77;26,23;41,15;88,77;136,88;47,16;75,49;53,35;132,84;68,53;92,80;116,70;106,59;95,80;115,75;82,75;61,32;106,98;120,75;112,81;119,77;100,76;90,67;108,95;51,26;95,76;55,27;47,34;66,19;80,34;54,49;50,15;31,13;96,61;95,77;67,57;76,45;61,31;122,86;101,70;100,79;65,61;82,61;104,72;90,51;51,33;59,21;108,78;44,41;76,55;126,88;108,77;112,87;80,51;44,39;97,74;85,73;45,13;117,73;27,19;136,88;102,67;101,71;120,76;73,37;45,36;89,86;150,100;35,27;79,44
90,79;60,26;85,78;55,13;63,37;133,98;129,86;32,16;57,44;110,95;95,87;97,95;93,55;132,89;55,44;50,43;108,64;23,18;68,43;78,74;84,72;78,66;82,61;37,20;100,68;109,93;55,46;63,15;109,66;90,68;48,32;49,22;81,59;92,80;124,95;127,78;46,40;86,39;72,33;55,49;74,71;69,61;90,45;77,61;30,24;143,100;100,82;86,49;62,58;91,48;104,89;60,35;126,76;132,90;110,67;60,52;113,87;107,98;67,33;101,85;53,39;117,100;53,22;95,67;132,84;97,77;56,46;105,70;90,66;76,74;84,52;91,77;114,83;112,77;89,85;21,15;110,99;56,50;55,33;79,45;80,74;135,95;81,76;118,86;49,40;84,82;81,38;42,37;126,86;120,79;73,27;33,10;95,69;61,54;92,74;86,61;108,63;64,20;135,89;122,87
44,40;107,65;94,79;49,40;54,42;73,29;49,31;17,13;65,58;83,44;45,26;86,60;124,94;48,16;70,45;62,32;51,35;93,76;64,36;71,67;103,96;56,54;99,59;46,26;54,39;89,86;47,33;95,84;109,92;81,62;110,90;103,81;60,33;68,45;41,25;29,26;40,15;63,16;53,43;100,87;128,100;53,43;133,88;54,12;108,87;43,32;27,10;55,18;44,22;52,46;110,72;75,64;62,49;82,57;83,56;22,17;38,33;43,40;88,47;35,16;67,59;78,64;72,59;119,100;50,41;49,25;52,23;109,97;56,12;120,98;46,14;39,12;80,34;107,64;59,38;66,59;73,26;30,26;34,10;144,99;71,23;59,24;62,56;74,52;128,82;91,69;96,70;60,39;58,29;40,28;58,26;100,61;56,15;110,70;72,55;68,64;106,99;101,57;99,52;46,28
124,77;58,32;107,85;127,95;51,15;64,48;117,67;124,94;80,47;68,21;111,68;90,65;55,12;48,38;88,73;131,85;135,94;63,22;111,62;137,100;61,35;121,78;36,10;86,49;51,42;69,61;94,70;94,88;110,95;94,51;40,22;79,32;72,58;34,10;78,69;102,58;31,11;71,49;82,59;72,66;68,66;124,90;141,95;104,60;25,18;76,35;81,52;50,15;85,56;39,37;91,70;99,71;118,73;126,89;36,25;120,75;45,33;108,69;82,57;107,87;74,46;19,11;76,70;64,14;79,76;84,56;46,42;89,69;103,90;102,89;71,65;85,48;123,80;113,87;68,52;20,17;93,85;40,38;47,42;135,86;96,91;102,70;93,58;100,91;28,12;92,69;132,96;118,73;119,77;88,82;109,85;117,69;43,24;86,40;60,56;76,44;83,57;51,33;85,58;43,32
